{"stats":{"minecraft:killed":{"minecraft:sheep":3,"minecraft:pig":7,"minecraft:cow":1},"minecraft:crafted":{"minecraft:cooked_beef":1,"minecraft:oak_planks":24,"minecraft:cooked_porkchop":16,"minecraft:crafting_table":1,"minecraft:stick":20,"minecraft:iron_ingot":3,"minecraft:wooden_pickaxe":1,"minecraft:iron_pickaxe":1,"minecraft:stone_pickaxe":1,"minecraft:wooden_axe":1,"minecraft:furnace":1,"minecraft:white_bed":1,"minecraft:copper_ingot":6,"minecraft:torch":20,"minecraft:cooked_mutton":4,"minecraft:air":0},"minecraft:custom":{"minecraft:time_since_rest":2992,"minecraft:interact_with_furnace":9,"minecraft:sprint_one_cm":137354,"minecraft:damage_taken":20,"minecraft:walk_one_cm":144460,"minecraft:mob_kills":12,"minecraft:damage_dealt":1111,"minecraft:swim_one_cm":1909,"minecraft:interact_with_crafting_table":6,"minecraft:fly_one_cm":15269,"minecraft:crouch_one_cm":7850,"minecraft:play_time":29162,"minecraft:sneak_time":2140,"minecraft:walk_under_water_one_cm":751,"minecraft:jump":255,"minecraft:walk_on_water_one_cm":931,"minecraft:time_since_death":29162,"minecraft:sleep_in_bed":2,"minecraft:total_world_time":29162,"minecraft:fall_one_cm":4308},"minecraft:mined":{"minecraft:white_bed":2,"minecraft:furnace":1,"minecraft:iron_ore":4,"minecraft:ice":1,"minecraft:crafting_table":5,"minecraft:short_grass":23,"minecraft:oak_log":16,"minecraft:coal_ore":37,"minecraft:packed_ice":1,"minecraft:tall_grass":15,"minecraft:copper_ore":11,"minecraft:stone":76},"minecraft:used":{"minecraft:wooden_axe":39,"minecraft:apple":1,"minecraft:stone_pickaxe":127,"minecraft:wooden_pickaxe":4,"minecraft:torch":4,"minecraft:cobblestone":53,"minecraft:crafting_table":5,"minecraft:furnace":1,"minecraft:cooked_porkchop":2,"minecraft:white_bed":2},"minecraft:picked_up":{"minecraft:raw_iron":4,"minecraft:stick":3,"minecraft:crafting_table":5,"minecraft:leather":1,"minecraft:porkchop":16,"minecraft:oak_log":16,"minecraft:white_bed":2,"minecraft:raw_copper":37,"minecraft:apple":1,"minecraft:wheat_seeds":3,"minecraft:beef":1,"minecraft:gray_wool":1,"minecraft:oak_sapling":4,"minecraft:mutton":4,"minecraft:coal":44,"minecraft:furnace":1,"minecraft:white_wool":3,"minecraft:cobblestone":75,"minecraft:egg":3}},"DataVersion":3953}