{"stats":{"minecraft:killed":{"minecraft:pig":11,"minecraft:creeper":1,"minecraft:sheep":3,"minecraft:cow":2},"minecraft:dropped":{"minecraft:wheat_seeds":7,"minecraft:raw_copper":7,"minecraft:cooked_porkchop":7,"minecraft:rooted_dirt":6,"minecraft:oak_sapling":4,"minecraft:axolotl_bucket":1},"minecraft:crafted":{"minecraft:cooked_beef":3,"minecraft:oak_planks":56,"minecraft:stone_shovel":1,"minecraft:cooked_porkchop":16,"minecraft:crafting_table":3,"minecraft:iron_helmet":2,"minecraft:wooden_pickaxe":1,"minecraft:furnace":2,"minecraft:copper_ingot":30,"minecraft:bucket":2,"minecraft:stone_axe":1,"minecraft:cooked_mutton":4,"minecraft:air":0,"minecraft:iron_boots":1,"minecraft:iron_chestplate":1,"minecraft:stick":36,"minecraft:iron_ingot":39,"minecraft:iron_pickaxe":1,"minecraft:stone_pickaxe":2,"minecraft:wooden_axe":1,"minecraft:stone_sword":3,"minecraft:chest":2,"minecraft:iron_leggings":1,"minecraft:white_bed":1,"minecraft:torch":64,"minecraft:stone_hoe":1},"minecraft:broken":{"minecraft:stone_pickaxe":2,"minecraft:wooden_axe":1,"minecraft:wooden_pickaxe":1},"minecraft:custom":{"minecraft:interact_with_furnace":40,"minecraft:mob_kills":18,"minecraft:interact_with_crafting_table":26,"minecraft:time_since_death":16602,"minecraft:sleep_in_bed":8,"minecraft:climb_one_cm":263,"minecraft:time_since_rest":16004,"minecraft:sprint_one_cm":272422,"minecraft:damage_taken":609,"minecraft:walk_one_cm":627911,"minecraft:drop":6,"minecraft:damage_dealt":1844,"minecraft:swim_one_cm":62801,"minecraft:fly_one_cm":71768,"minecraft:open_chest":13,"minecraft:crouch_one_cm":19599,"minecraft:play_time":131162,"minecraft:deaths":1,"minecraft:sneak_time":6708,"minecraft:walk_under_water_one_cm":4475,"minecraft:jump":1549,"minecraft:walk_on_water_one_cm":16620,"minecraft:total_world_time":131162,"minecraft:fall_one_cm":23716},"minecraft:mined":{"minecraft:deepslate_redstone_ore":6,"minecraft:brown_mushroom":49,"minecraft:white_bed":8,"minecraft:deepslate_diamond_ore":1,"minecraft:clay":2,"minecraft:brewing_stand":1,"minecraft:crafting_table":8,"minecraft:torch":2,"minecraft:granite":1,"minecraft:short_grass":33,"minecraft:emerald_ore":1,"minecraft:grass_block":11,"minecraft:chest":1,"minecraft:dead_bush":2,"minecraft:copper_ore":19,"minecraft:tall_grass":22,"minecraft:spruce_leaves":2,"minecraft:lapis_ore":8,"minecraft:moss_block":2,"minecraft:rooted_dirt":102,"minecraft:wall_torch":1,"minecraft:hay_block":17,"minecraft:redstone_ore":5,"minecraft:furnace":3,"minecraft:iron_ore":62,"minecraft:cobbled_deepslate":15,"minecraft:ice":1,"minecraft:deepslate_lapis_ore":6,"minecraft:gold_block":1,"minecraft:coal_ore":78,"minecraft:oak_log":16,"minecraft:deepslate_iron_ore":14,"minecraft:dirt":5,"minecraft:packed_ice":1,"minecraft:cobweb":15,"minecraft:stone":132,"minecraft:deepslate":80,"minecraft:fern":3},"minecraft:used":{"minecraft:cooked_mutton":2,"minecraft:water_bucket":2,"minecraft:stone_sword":30,"minecraft:stone_shovel":77,"minecraft:stone_pickaxe":262,"minecraft:chest":3,"minecraft:wooden_pickaxe":60,"minecraft:stone_hoe":20,"minecraft:iron_chestplate":1,"minecraft:torch":57,"minecraft:glow_berries":2,"minecraft:crafting_table":10,"minecraft:white_bed":8,"minecraft:wooden_axe":44,"minecraft:apple":1,"minecraft:rooted_dirt":11,"minecraft:iron_pickaxe":117,"minecraft:iron_helmet":1,"minecraft:iron_boots":1,"minecraft:stone_axe":1,"minecraft:cobblestone":61,"minecraft:sweet_berries":3,"minecraft:furnace":4,"minecraft:cooked_porkchop":7,"minecraft:bucket":4,"minecraft:cobbled_deepslate":84,"minecraft:iron_leggings":2},"minecraft:picked_up":{"minecraft:iron_chestplate":1,"minecraft:crafting_table":8,"minecraft:cooked_beef":3,"minecraft:clay_ball":8,"minecraft:leather":4,"minecraft:brown_mushroom":49,"minecraft:wooden_pickaxe":1,"minecraft:gold_block":1,"minecraft:oak_log":19,"minecraft:brewing_stand":1,"minecraft:gunpowder":1,"minecraft:lapis_lazuli":106,"minecraft:string":15,"minecraft:dirt":21,"minecraft:raw_copper":75,"minecraft:iron_leggings":1,"minecraft:cooked_mutton":2,"minecraft:apple":1,"minecraft:wheat_seeds":8,"minecraft:cobbled_deepslate":99,"minecraft:iron_ingot":1,"minecraft:beef":3,"minecraft:iron_pickaxe":1,"minecraft:moss_block":2,"minecraft:stone_hoe":1,"minecraft:chest":1,"minecraft:iron_boots":1,"minecraft:egg":6,"minecraft:furnace":3,"minecraft:stick":5,"minecraft:raw_iron":79,"minecraft:cooked_porkchop":2,"minecraft:sweet_berries":37,"minecraft:torch":34,"minecraft:axolotl_bucket":3,"minecraft:porkchop":27,"minecraft:white_bed":8,"minecraft:redstone":73,"minecraft:stone_sword":3,"minecraft:diamond":1,"minecraft:iron_helmet":1,"minecraft:hay_block":17,"minecraft:granite":1,"minecraft:gray_wool":1,"minecraft:emerald":2,"minecraft:rooted_dirt":108,"minecraft:oak_sapling":4,"minecraft:glow_berries":6,"minecraft:mutton":4,"minecraft:coal":98,"minecraft:white_wool":3,"minecraft:cobblestone":146}},"DataVersion":3953}