{"stats":{"minecraft:killed":{"minecraft:pig":11,"minecraft:sheep":3,"minecraft:cow":2},"minecraft:dropped":{"minecraft:wheat_seeds":7,"minecraft:raw_copper":7,"minecraft:cooked_porkchop":7,"minecraft:rooted_dirt":6,"minecraft:oak_sapling":4,"minecraft:axolotl_bucket":1},"minecraft:crafted":{"minecraft:cooked_beef":3,"minecraft:oak_planks":44,"minecraft:stone_shovel":1,"minecraft:cooked_porkchop":16,"minecraft:crafting_table":2,"minecraft:wooden_pickaxe":1,"minecraft:furnace":1,"minecraft:copper_ingot":30,"minecraft:bucket":2,"minecraft:cooked_mutton":4,"minecraft:air":0,"minecraft:stick":20,"minecraft:iron_ingot":11,"minecraft:iron_pickaxe":1,"minecraft:stone_pickaxe":2,"minecraft:wooden_axe":1,"minecraft:stone_sword":3,"minecraft:chest":2,"minecraft:white_bed":1,"minecraft:torch":32,"minecraft:stone_hoe":1},"minecraft:broken":{"minecraft:stone_pickaxe":1,"minecraft:wooden_axe":1},"minecraft:custom":{"minecraft:interact_with_furnace":23,"minecraft:mob_kills":17,"minecraft:interact_with_crafting_table":15,"minecraft:time_since_death":95162,"minecraft:sleep_in_bed":6,"minecraft:climb_one_cm":40,"minecraft:time_since_rest":16342,"minecraft:sprint_one_cm":270625,"minecraft:damage_taken":209,"minecraft:walk_one_cm":467951,"minecraft:drop":6,"minecraft:damage_dealt":1644,"minecraft:swim_one_cm":62801,"minecraft:fly_one_cm":71716,"minecraft:open_chest":8,"minecraft:crouch_one_cm":11806,"minecraft:play_time":95162,"minecraft:sneak_time":3487,"minecraft:walk_under_water_one_cm":4284,"minecraft:jump":1151,"minecraft:walk_on_water_one_cm":9532,"minecraft:total_world_time":95162,"minecraft:fall_one_cm":18298},"minecraft:mined":{"minecraft:brown_mushroom":49,"minecraft:white_bed":6,"minecraft:brewing_stand":1,"minecraft:crafting_table":7,"minecraft:torch":2,"minecraft:granite":1,"minecraft:short_grass":30,"minecraft:emerald_ore":1,"minecraft:grass_block":11,"minecraft:chest":1,"minecraft:dead_bush":2,"minecraft:copper_ore":19,"minecraft:tall_grass":19,"minecraft:spruce_leaves":2,"minecraft:rooted_dirt":102,"minecraft:wall_torch":1,"minecraft:hay_block":17,"minecraft:redstone_ore":1,"minecraft:furnace":2,"minecraft:iron_ore":28,"minecraft:ice":1,"minecraft:gold_block":1,"minecraft:coal_ore":76,"minecraft:oak_log":16,"minecraft:dirt":5,"minecraft:packed_ice":1,"minecraft:cobweb":15,"minecraft:stone":126,"minecraft:fern":3},"minecraft:used":{"minecraft:water_bucket":2,"minecraft:stone_sword":26,"minecraft:stone_shovel":77,"minecraft:stone_pickaxe":230,"minecraft:chest":3,"minecraft:wooden_pickaxe":24,"minecraft:stone_hoe":18,"minecraft:torch":27,"minecraft:crafting_table":9,"minecraft:white_bed":5,"minecraft:wooden_axe":44,"minecraft:apple":1,"minecraft:rooted_dirt":11,"minecraft:iron_pickaxe":6,"minecraft:cobblestone":55,"minecraft:sweet_berries":3,"minecraft:furnace":3,"minecraft:cooked_porkchop":7,"minecraft:bucket":4},"minecraft:picked_up":{"minecraft:crafting_table":7,"minecraft:leather":2,"minecraft:brown_mushroom":49,"minecraft:gold_block":1,"minecraft:oak_log":16,"minecraft:brewing_stand":1,"minecraft:string":15,"minecraft:dirt":21,"minecraft:raw_copper":75,"minecraft:apple":1,"minecraft:wheat_seeds":7,"minecraft:beef":3,"minecraft:chest":1,"minecraft:egg":3,"minecraft:furnace":2,"minecraft:stick":5,"minecraft:raw_iron":28,"minecraft:sweet_berries":20,"minecraft:torch":3,"minecraft:axolotl_bucket":1,"minecraft:porkchop":27,"minecraft:white_bed":6,"minecraft:redstone":4,"minecraft:hay_block":17,"minecraft:granite":1,"minecraft:gray_wool":1,"minecraft:emerald":1,"minecraft:rooted_dirt":108,"minecraft:oak_sapling":4,"minecraft:glow_berries":3,"minecraft:mutton":4,"minecraft:coal":82,"minecraft:white_wool":3,"minecraft:cobblestone":140}},"DataVersion":3953}