{"stats":{"minecraft:killed":{"minecraft:sheep":3,"minecraft:pig":7,"minecraft:cow":1},"minecraft:crafted":{"minecraft:oak_planks":24,"minecraft:cooked_porkchop":4,"minecraft:crafting_table":1,"minecraft:stick":8,"minecraft:iron_ingot":3,"minecraft:wooden_pickaxe":1,"minecraft:stone_pickaxe":1,"minecraft:wooden_axe":1,"minecraft:furnace":1,"minecraft:white_bed":1,"minecraft:torch":20,"minecraft:air":0},"minecraft:custom":{"minecraft:time_since_rest":4089,"minecraft:interact_with_furnace":4,"minecraft:sprint_one_cm":40607,"minecraft:damage_taken":20,"minecraft:walk_one_cm":100818,"minecraft:mob_kills":12,"minecraft:damage_dealt":1111,"minecraft:interact_with_crafting_table":4,"minecraft:fly_one_cm":13330,"minecraft:crouch_one_cm":3002,"minecraft:play_time":17162,"minecraft:sneak_time":887,"minecraft:jump":199,"minecraft:time_since_death":17162,"minecraft:sleep_in_bed":1,"minecraft:total_world_time":17162,"minecraft:fall_one_cm":4308},"minecraft:mined":{"minecraft:white_bed":1,"minecraft:iron_ore":3,"minecraft:crafting_table":4,"minecraft:short_grass":23,"minecraft:oak_log":16,"minecraft:coal_ore":23,"minecraft:tall_grass":15,"minecraft:copper_ore":11,"minecraft:stone":42},"minecraft:used":{"minecraft:wooden_axe":38,"minecraft:apple":1,"minecraft:stone_pickaxe":75,"minecraft:wooden_pickaxe":4,"minecraft:torch":4,"minecraft:crafting_table":4,"minecraft:furnace":1,"minecraft:cooked_porkchop":1,"minecraft:white_bed":1},"minecraft:picked_up":{"minecraft:raw_iron":3,"minecraft:stick":3,"minecraft:crafting_table":4,"minecraft:leather":1,"minecraft:porkchop":16,"minecraft:oak_log":16,"minecraft:white_bed":1,"minecraft:raw_copper":37,"minecraft:apple":1,"minecraft:wheat_seeds":3,"minecraft:beef":1,"minecraft:gray_wool":1,"minecraft:oak_sapling":4,"minecraft:mutton":4,"minecraft:coal":23,"minecraft:white_wool":3,"minecraft:cobblestone":41,"minecraft:egg":3}},"DataVersion":3953}