{"stats":{"minecraft:dropped":{"minecraft:cooked_porkchop":7},"minecraft:killed":{"minecraft:pig":7,"minecraft:sheep":3,"minecraft:cow":1},"minecraft:crafted":{"minecraft:cooked_beef":1,"minecraft:oak_planks":32,"minecraft:cooked_porkchop":16,"minecraft:crafting_table":1,"minecraft:wooden_pickaxe":1,"minecraft:furnace":1,"minecraft:copper_ingot":30,"minecraft:cooked_mutton":4,"minecraft:air":0,"minecraft:stick":20,"minecraft:iron_ingot":9,"minecraft:iron_pickaxe":1,"minecraft:stone_pickaxe":2,"minecraft:wooden_axe":1,"minecraft:stone_sword":3,"minecraft:chest":1,"minecraft:white_bed":1,"minecraft:torch":20,"minecraft:stone_hoe":1},"minecraft:broken":{"minecraft:stone_pickaxe":1},"minecraft:custom":{"minecraft:interact_with_furnace":16,"minecraft:mob_kills":12,"minecraft:interact_with_crafting_table":11,"minecraft:time_since_death":53162,"minecraft:sleep_in_bed":4,"minecraft:time_since_rest":565,"minecraft:sprint_one_cm":181029,"minecraft:damage_taken":80,"minecraft:walk_one_cm":286533,"minecraft:drop":1,"minecraft:damage_dealt":1111,"minecraft:swim_one_cm":2393,"minecraft:fly_one_cm":18014,"minecraft:open_chest":3,"minecraft:crouch_one_cm":9325,"minecraft:play_time":53162,"minecraft:sneak_time":2546,"minecraft:walk_under_water_one_cm":2714,"minecraft:jump":507,"minecraft:walk_on_water_one_cm":1402,"minecraft:total_world_time":53162,"minecraft:fall_one_cm":6990},"minecraft:mined":{"minecraft:white_bed":5,"minecraft:crafting_table":7,"minecraft:torch":1,"minecraft:short_grass":28,"minecraft:emerald_ore":1,"minecraft:chest":1,"minecraft:copper_ore":11,"minecraft:tall_grass":18,"minecraft:wall_torch":1,"minecraft:hay_block":6,"minecraft:furnace":2,"minecraft:iron_ore":9,"minecraft:ice":1,"minecraft:coal_ore":66,"minecraft:oak_log":16,"minecraft:packed_ice":1,"minecraft:cobweb":9,"minecraft:stone":95},"minecraft:used":{"minecraft:stone_sword":11,"minecraft:stone_pickaxe":162,"minecraft:chest":1,"minecraft:wooden_pickaxe":24,"minecraft:stone_hoe":7,"minecraft:torch":8,"minecraft:crafting_table":7,"minecraft:white_bed":3,"minecraft:wooden_axe":42,"minecraft:apple":1,"minecraft:iron_pickaxe":1,"minecraft:cobblestone":53,"minecraft:furnace":2,"minecraft:cooked_porkchop":3},"minecraft:picked_up":{"minecraft:crafting_table":7,"minecraft:leather":1,"minecraft:oak_log":16,"minecraft:string":9,"minecraft:dirt":5,"minecraft:raw_copper":44,"minecraft:apple":1,"minecraft:wheat_seeds":6,"minecraft:beef":1,"minecraft:chest":1,"minecraft:egg":3,"minecraft:furnace":2,"minecraft:stick":3,"minecraft:raw_iron":9,"minecraft:torch":2,"minecraft:porkchop":16,"minecraft:white_bed":5,"minecraft:hay_block":6,"minecraft:gray_wool":1,"minecraft:emerald":1,"minecraft:oak_sapling":4,"minecraft:mutton":4,"minecraft:coal":72,"minecraft:white_wool":3,"minecraft:cobblestone":94}},"DataVersion":3953}