{"stats":{"minecraft:killed":{"minecraft:pig":11,"minecraft:sheep":3,"minecraft:cow":2},"minecraft:dropped":{"minecraft:wheat_seeds":7,"minecraft:raw_copper":7,"minecraft:cooked_porkchop":7},"minecraft:crafted":{"minecraft:cooked_beef":1,"minecraft:oak_planks":32,"minecraft:cooked_porkchop":16,"minecraft:crafting_table":1,"minecraft:wooden_pickaxe":1,"minecraft:furnace":1,"minecraft:copper_ingot":30,"minecraft:cooked_mutton":4,"minecraft:air":0,"minecraft:stick":20,"minecraft:iron_ingot":9,"minecraft:iron_pickaxe":1,"minecraft:stone_pickaxe":2,"minecraft:wooden_axe":1,"minecraft:stone_sword":3,"minecraft:chest":1,"minecraft:white_bed":1,"minecraft:torch":20,"minecraft:stone_hoe":1},"minecraft:broken":{"minecraft:stone_pickaxe":1,"minecraft:wooden_axe":1},"minecraft:custom":{"minecraft:interact_with_furnace":16,"minecraft:mob_kills":17,"minecraft:interact_with_crafting_table":11,"minecraft:time_since_death":71162,"minecraft:sleep_in_bed":5,"minecraft:time_since_rest":5274,"minecraft:sprint_one_cm":256031,"minecraft:damage_taken":140,"minecraft:walk_one_cm":366261,"minecraft:drop":3,"minecraft:damage_dealt":1644,"minecraft:swim_one_cm":61761,"minecraft:fly_one_cm":65107,"minecraft:open_chest":4,"minecraft:crouch_one_cm":9721,"minecraft:play_time":71162,"minecraft:sneak_time":2746,"minecraft:walk_under_water_one_cm":4020,"minecraft:jump":880,"minecraft:walk_on_water_one_cm":2817,"minecraft:total_world_time":71162,"minecraft:fall_one_cm":12881},"minecraft:mined":{"minecraft:white_bed":6,"minecraft:brewing_stand":1,"minecraft:crafting_table":7,"minecraft:torch":2,"minecraft:short_grass":29,"minecraft:emerald_ore":1,"minecraft:grass_block":2,"minecraft:chest":1,"minecraft:copper_ore":11,"minecraft:tall_grass":18,"minecraft:wall_torch":1,"minecraft:hay_block":17,"minecraft:furnace":2,"minecraft:iron_ore":9,"minecraft:ice":1,"minecraft:gold_block":1,"minecraft:coal_ore":76,"minecraft:oak_log":16,"minecraft:packed_ice":1,"minecraft:cobweb":15,"minecraft:stone":97},"minecraft:used":{"minecraft:stone_sword":26,"minecraft:stone_pickaxe":175,"minecraft:chest":1,"minecraft:wooden_pickaxe":24,"minecraft:stone_hoe":18,"minecraft:torch":11,"minecraft:crafting_table":7,"minecraft:white_bed":4,"minecraft:wooden_axe":44,"minecraft:apple":1,"minecraft:iron_pickaxe":3,"minecraft:cobblestone":53,"minecraft:sweet_berries":3,"minecraft:furnace":2,"minecraft:cooked_porkchop":5},"minecraft:picked_up":{"minecraft:crafting_table":7,"minecraft:leather":2,"minecraft:gold_block":1,"minecraft:oak_log":16,"minecraft:brewing_stand":1,"minecraft:string":15,"minecraft:dirt":7,"minecraft:raw_copper":44,"minecraft:apple":1,"minecraft:wheat_seeds":7,"minecraft:beef":3,"minecraft:chest":1,"minecraft:egg":3,"minecraft:furnace":2,"minecraft:stick":3,"minecraft:raw_iron":9,"minecraft:sweet_berries":20,"minecraft:torch":3,"minecraft:porkchop":27,"minecraft:white_bed":6,"minecraft:hay_block":17,"minecraft:gray_wool":1,"minecraft:emerald":1,"minecraft:oak_sapling":4,"minecraft:mutton":4,"minecraft:coal":82,"minecraft:white_wool":3,"minecraft:cobblestone":96}},"DataVersion":3953}