{"stats":{"minecraft:killed":{"minecraft:pig":11,"minecraft:sheep":3,"minecraft:cow":2},"minecraft:dropped":{"minecraft:wheat_seeds":7,"minecraft:raw_copper":7,"minecraft:cooked_porkchop":7,"minecraft:oak_sapling":4},"minecraft:crafted":{"minecraft:cooked_beef":1,"minecraft:oak_planks":32,"minecraft:stone_shovel":1,"minecraft:cooked_porkchop":16,"minecraft:crafting_table":1,"minecraft:wooden_pickaxe":1,"minecraft:furnace":1,"minecraft:copper_ingot":30,"minecraft:cooked_mutton":4,"minecraft:air":0,"minecraft:stick":20,"minecraft:iron_ingot":9,"minecraft:iron_pickaxe":1,"minecraft:stone_pickaxe":2,"minecraft:wooden_axe":1,"minecraft:stone_sword":3,"minecraft:chest":1,"minecraft:white_bed":1,"minecraft:torch":20,"minecraft:stone_hoe":1},"minecraft:broken":{"minecraft:stone_pickaxe":1,"minecraft:wooden_axe":1},"minecraft:custom":{"minecraft:interact_with_furnace":18,"minecraft:mob_kills":17,"minecraft:interact_with_crafting_table":12,"minecraft:time_since_death":83162,"minecraft:sleep_in_bed":6,"minecraft:time_since_rest":4342,"minecraft:sprint_one_cm":270490,"minecraft:damage_taken":140,"minecraft:walk_one_cm":431167,"minecraft:drop":4,"minecraft:damage_dealt":1644,"minecraft:swim_one_cm":62801,"minecraft:fly_one_cm":71440,"minecraft:open_chest":5,"minecraft:crouch_one_cm":10661,"minecraft:play_time":83162,"minecraft:sneak_time":3063,"minecraft:walk_under_water_one_cm":4284,"minecraft:jump":1048,"minecraft:walk_on_water_one_cm":2879,"minecraft:total_world_time":83162,"minecraft:fall_one_cm":16732},"minecraft:mined":{"minecraft:brown_mushroom":49,"minecraft:white_bed":6,"minecraft:brewing_stand":1,"minecraft:crafting_table":7,"minecraft:torch":2,"minecraft:short_grass":29,"minecraft:emerald_ore":1,"minecraft:grass_block":11,"minecraft:chest":1,"minecraft:dead_bush":2,"minecraft:copper_ore":11,"minecraft:tall_grass":18,"minecraft:spruce_leaves":2,"minecraft:rooted_dirt":81,"minecraft:wall_torch":1,"minecraft:hay_block":17,"minecraft:furnace":2,"minecraft:iron_ore":9,"minecraft:ice":1,"minecraft:gold_block":1,"minecraft:coal_ore":76,"minecraft:oak_log":16,"minecraft:dirt":5,"minecraft:packed_ice":1,"minecraft:cobweb":15,"minecraft:stone":111,"minecraft:fern":3},"minecraft:used":{"minecraft:stone_sword":26,"minecraft:stone_shovel":58,"minecraft:stone_pickaxe":189,"minecraft:chest":2,"minecraft:wooden_pickaxe":24,"minecraft:stone_hoe":18,"minecraft:torch":13,"minecraft:crafting_table":8,"minecraft:white_bed":5,"minecraft:wooden_axe":44,"minecraft:apple":1,"minecraft:iron_pickaxe":3,"minecraft:cobblestone":53,"minecraft:sweet_berries":3,"minecraft:furnace":3,"minecraft:cooked_porkchop":6},"minecraft:picked_up":{"minecraft:crafting_table":7,"minecraft:leather":2,"minecraft:brown_mushroom":49,"minecraft:gold_block":1,"minecraft:oak_log":16,"minecraft:brewing_stand":1,"minecraft:string":15,"minecraft:dirt":21,"minecraft:raw_copper":44,"minecraft:apple":1,"minecraft:wheat_seeds":7,"minecraft:beef":3,"minecraft:chest":1,"minecraft:egg":3,"minecraft:furnace":2,"minecraft:stick":5,"minecraft:raw_iron":9,"minecraft:sweet_berries":20,"minecraft:torch":3,"minecraft:porkchop":27,"minecraft:white_bed":6,"minecraft:hay_block":17,"minecraft:gray_wool":1,"minecraft:emerald":1,"minecraft:rooted_dirt":73,"minecraft:oak_sapling":4,"minecraft:mutton":4,"minecraft:coal":82,"minecraft:white_wool":3,"minecraft:cobblestone":110}},"DataVersion":3953}