{"stats":{"minecraft:killed":{"minecraft:pig":11,"minecraft:sheep":3,"minecraft:cow":2},"minecraft:dropped":{"minecraft:wheat_seeds":7,"minecraft:raw_copper":7,"minecraft:cooked_porkchop":7,"minecraft:rooted_dirt":6,"minecraft:oak_sapling":4,"minecraft:axolotl_bucket":1},"minecraft:crafted":{"minecraft:cooked_beef":3,"minecraft:oak_planks":52,"minecraft:stone_shovel":1,"minecraft:cooked_porkchop":16,"minecraft:crafting_table":3,"minecraft:iron_helmet":2,"minecraft:wooden_pickaxe":1,"minecraft:furnace":2,"minecraft:copper_ingot":30,"minecraft:bucket":2,"minecraft:cooked_mutton":4,"minecraft:air":0,"minecraft:iron_boots":1,"minecraft:iron_chestplate":1,"minecraft:stick":28,"minecraft:iron_ingot":36,"minecraft:iron_pickaxe":1,"minecraft:stone_pickaxe":2,"minecraft:wooden_axe":1,"minecraft:stone_sword":3,"minecraft:chest":2,"minecraft:white_bed":1,"minecraft:torch":32,"minecraft:stone_hoe":1},"minecraft:broken":{"minecraft:stone_pickaxe":2,"minecraft:wooden_axe":1},"minecraft:custom":{"minecraft:interact_with_furnace":36,"minecraft:mob_kills":17,"minecraft:interact_with_crafting_table":23,"minecraft:time_since_death":107162,"minecraft:sleep_in_bed":7,"minecraft:climb_one_cm":263,"minecraft:time_since_rest":6597,"minecraft:sprint_one_cm":270625,"minecraft:damage_taken":399,"minecraft:walk_one_cm":512241,"minecraft:drop":6,"minecraft:damage_dealt":1644,"minecraft:swim_one_cm":62801,"minecraft:fly_one_cm":71742,"minecraft:open_chest":8,"minecraft:crouch_one_cm":14195,"minecraft:play_time":107162,"minecraft:sneak_time":4012,"minecraft:walk_under_water_one_cm":4284,"minecraft:jump":1235,"minecraft:walk_on_water_one_cm":9532,"minecraft:total_world_time":107162,"minecraft:fall_one_cm":20901},"minecraft:mined":{"minecraft:deepslate_redstone_ore":4,"minecraft:brown_mushroom":49,"minecraft:white_bed":7,"minecraft:brewing_stand":1,"minecraft:crafting_table":7,"minecraft:torch":2,"minecraft:granite":1,"minecraft:short_grass":30,"minecraft:emerald_ore":1,"minecraft:grass_block":11,"minecraft:chest":1,"minecraft:dead_bush":2,"minecraft:copper_ore":19,"minecraft:tall_grass":19,"minecraft:spruce_leaves":2,"minecraft:rooted_dirt":102,"minecraft:wall_torch":1,"minecraft:hay_block":17,"minecraft:redstone_ore":1,"minecraft:furnace":2,"minecraft:iron_ore":34,"minecraft:ice":1,"minecraft:gold_block":1,"minecraft:coal_ore":76,"minecraft:oak_log":16,"minecraft:dirt":5,"minecraft:packed_ice":1,"minecraft:cobweb":15,"minecraft:stone":126,"minecraft:deepslate":46,"minecraft:fern":3},"minecraft:picked_up":{"minecraft:crafting_table":7,"minecraft:leather":2,"minecraft:brown_mushroom":49,"minecraft:gold_block":1,"minecraft:oak_log":16,"minecraft:brewing_stand":1,"minecraft:string":15,"minecraft:dirt":21,"minecraft:raw_copper":75,"minecraft:apple":1,"minecraft:wheat_seeds":7,"minecraft:cobbled_deepslate":46,"minecraft:beef":3,"minecraft:chest":1,"minecraft:egg":3,"minecraft:furnace":2,"minecraft:stick":5,"minecraft:raw_iron":34,"minecraft:sweet_berries":20,"minecraft:torch":3,"minecraft:axolotl_bucket":1,"minecraft:porkchop":27,"minecraft:white_bed":7,"minecraft:redstone":23,"minecraft:hay_block":17,"minecraft:granite":1,"minecraft:gray_wool":1,"minecraft:emerald":1,"minecraft:rooted_dirt":108,"minecraft:oak_sapling":4,"minecraft:glow_berries":4,"minecraft:mutton":4,"minecraft:coal":82,"minecraft:white_wool":3,"minecraft:cobblestone":140},"minecraft:used":{"minecraft:cooked_mutton":2,"minecraft:water_bucket":2,"minecraft:stone_sword":26,"minecraft:stone_shovel":77,"minecraft:stone_pickaxe":262,"minecraft:chest":3,"minecraft:wooden_pickaxe":44,"minecraft:stone_hoe":18,"minecraft:iron_chestplate":1,"minecraft:torch":32,"minecraft:glow_berries":2,"minecraft:crafting_table":10,"minecraft:white_bed":7,"minecraft:wooden_axe":44,"minecraft:apple":1,"minecraft:rooted_dirt":11,"minecraft:iron_pickaxe":10,"minecraft:iron_helmet":1,"minecraft:iron_boots":1,"minecraft:cobblestone":55,"minecraft:sweet_berries":3,"minecraft:furnace":4,"minecraft:cooked_porkchop":7,"minecraft:bucket":4}},"DataVersion":3953}