{"stats":{"minecraft:custom":{"minecraft:time_since_rest":95568,"minecraft:interact_with_smithing_table":1,"minecraft:sprint_one_cm":3236,"minecraft:damage_taken":30,"minecraft:walk_one_cm":45155,"minecraft:mob_kills":6,"minecraft:interact_with_anvil":1,"minecraft:drop":78,"minecraft:damage_dealt":10,"minecraft:interact_with_cartography_table":2,"minecraft:swim_one_cm":9022,"minecraft:fly_one_cm":534120,"minecraft:open_chest":3,"minecraft:crouch_one_cm":4,"minecraft:play_time":95568,"minecraft:sneak_time":761,"minecraft:walk_under_water_one_cm":6588,"minecraft:jump":79,"minecraft:leave_game":5,"minecraft:time_since_death":95568,"minecraft:walk_on_water_one_cm":2016,"minecraft:total_world_time":95568,"minecraft:fall_one_cm":1008},"minecraft:mined":{"minecraft:grass_block":6,"minecraft:dirt":3},"minecraft:picked_up":{"minecraft:anvil":1,"minecraft:dirt":9,"minecraft:wheat_seeds":7},"minecraft:dropped":{"minecraft:enchanted_book":10,"minecraft:anvil":5,"minecraft:netherite_pickaxe":3,"minecraft:mace":2,"minecraft:wheat_seeds":7,"minecraft:netherite_hoe":1,"minecraft:trident":2,"minecraft:baked_potato":192,"minecraft:bookshelf":64,"minecraft:netherite_sword":3,"minecraft:leather_boots":1,"minecraft:netherite_boots":3,"minecraft:netherite_chestplate":3,"minecraft:netherite_axe":2,"minecraft:netherite_helmet":3,"minecraft:experience_bottle":192,"minecraft:enchanted_golden_apple":68,"minecraft:netherite_shovel":3,"minecraft:arrow":2,"minecraft:bow":2,"minecraft:purple_dye":1,"minecraft:totem_of_undying":6,"minecraft:elytra":1,"minecraft:enchanting_table":1,"minecraft:netherite_leggings":3,"minecraft:bone":64,"minecraft:firework_rocket":64},"minecraft:killed":{"minecraft:skeleton":2,"minecraft:spider":1,"minecraft:creeper":3},"minecraft:used":{"minecraft:dirt":6,"minecraft:anvil":2,"minecraft:bow":17}},"DataVersion":3953}