{"stats":{"minecraft:killed":{"minecraft:sheep":3,"minecraft:pig":7,"minecraft:cow":1},"minecraft:crafted":{"minecraft:cooked_beef":1,"minecraft:oak_planks":24,"minecraft:cooked_porkchop":16,"minecraft:crafting_table":1,"minecraft:stick":20,"minecraft:iron_ingot":9,"minecraft:wooden_pickaxe":1,"minecraft:iron_pickaxe":1,"minecraft:stone_pickaxe":2,"minecraft:wooden_axe":1,"minecraft:furnace":1,"minecraft:white_bed":1,"minecraft:copper_ingot":30,"minecraft:torch":20,"minecraft:cooked_mutton":4,"minecraft:air":0},"minecraft:broken":{"minecraft:stone_pickaxe":1},"minecraft:custom":{"minecraft:time_since_rest":1925,"minecraft:interact_with_furnace":16,"minecraft:sprint_one_cm":137354,"minecraft:damage_taken":40,"minecraft:walk_one_cm":221316,"minecraft:mob_kills":12,"minecraft:damage_dealt":1111,"minecraft:swim_one_cm":1909,"minecraft:interact_with_crafting_table":9,"minecraft:fly_one_cm":15269,"minecraft:crouch_one_cm":8509,"minecraft:play_time":41162,"minecraft:sneak_time":2285,"minecraft:walk_under_water_one_cm":751,"minecraft:jump":408,"minecraft:walk_on_water_one_cm":931,"minecraft:time_since_death":41162,"minecraft:sleep_in_bed":3,"minecraft:total_world_time":41162,"minecraft:fall_one_cm":5190},"minecraft:mined":{"minecraft:white_bed":3,"minecraft:furnace":2,"minecraft:iron_ore":9,"minecraft:ice":1,"minecraft:torch":1,"minecraft:crafting_table":6,"minecraft:short_grass":23,"minecraft:oak_log":16,"minecraft:coal_ore":55,"minecraft:packed_ice":1,"minecraft:tall_grass":15,"minecraft:copper_ore":11,"minecraft:stone":85},"minecraft:used":{"minecraft:wooden_axe":40,"minecraft:apple":1,"minecraft:stone_pickaxe":141,"minecraft:wooden_pickaxe":24,"minecraft:torch":7,"minecraft:cobblestone":53,"minecraft:crafting_table":6,"minecraft:furnace":2,"minecraft:cooked_porkchop":2,"minecraft:white_bed":3},"minecraft:picked_up":{"minecraft:raw_iron":9,"minecraft:stick":3,"minecraft:crafting_table":6,"minecraft:leather":1,"minecraft:torch":1,"minecraft:porkchop":16,"minecraft:oak_log":16,"minecraft:white_bed":3,"minecraft:raw_copper":44,"minecraft:apple":1,"minecraft:wheat_seeds":3,"minecraft:beef":1,"minecraft:gray_wool":1,"minecraft:oak_sapling":4,"minecraft:mutton":4,"minecraft:coal":62,"minecraft:furnace":2,"minecraft:white_wool":3,"minecraft:cobblestone":84,"minecraft:egg":3}},"DataVersion":3953}