{"stats":{"minecraft:crafted":{"minecraft:birch_planks":28},"minecraft:custom":{"minecraft:time_since_rest":5904,"minecraft:play_time":5904,"minecraft:sprint_one_cm":3673,"minecraft:damage_taken":220,"minecraft:walk_one_cm":17415,"minecraft:jump":108,"minecraft:time_since_death":5904,"minecraft:total_world_time":5904,"minecraft:fall_one_cm":2936,"minecraft:fly_one_cm":4873},"minecraft:mined":{"minecraft:dirt":2,"minecraft:birch_log":7,"minecraft:birch_leaves":1,"minecraft:powder_snow":1,"minecraft:oak_leaves":3},"minecraft:picked_up":{"minecraft:birch_log":7,"minecraft:netherite_boots":1,"minecraft:netherite_helmet":1,"minecraft:netherite_sword":1,"minecraft:mace":1,"minecraft:totem_of_undying":2,"minecraft:trident":1,"minecraft:netherite_chestplate":1,"minecraft:netherite_leggings":1,"minecraft:dirt":2},"minecraft:used":{"minecraft:netherite_boots":1,"minecraft:dirt":2,"minecraft:mace":1,"minecraft:netherite_leggings":1,"minecraft:netherite_chestplate":1,"minecraft:netherite_helmet":1}},"DataVersion":3953}