{"stats":{"minecraft:used":{"minecraft:netherite_boots":1,"minecraft:salmon":3,"minecraft:bow":43,"minecraft:netherite_leggings":1,"minecraft:netherite_chestplate":1,"minecraft:netherite_axe":1,"minecraft:netherite_helmet":1},"minecraft:mined":{"minecraft:birch_leaves":1,"minecraft:oak_leaves":4,"minecraft:bee_nest":1},"minecraft:custom":{"minecraft:time_since_rest":11313,"minecraft:play_time":11313,"minecraft:sprint_one_cm":2152,"minecraft:damage_taken":105,"minecraft:walk_one_cm":8651,"minecraft:walk_under_water_one_cm":6376,"minecraft:mob_kills":7,"minecraft:jump":145,"minecraft:leave_game":1,"minecraft:walk_on_water_one_cm":3121,"minecraft:time_since_death":11313,"minecraft:total_world_time":11313,"minecraft:swim_one_cm":3887,"minecraft:fall_one_cm":6179,"minecraft:fly_one_cm":12977},"minecraft:picked_up":{"minecraft:netherite_boots":1,"minecraft:arrow":2,"minecraft:salmon":3,"minecraft:bow":1,"minecraft:netherite_helmet":1,"minecraft:netherite_sword":1,"minecraft:netherite_shovel":1,"minecraft:netherite_axe":1,"minecraft:ink_sac":3,"minecraft:netherite_chestplate":1,"minecraft:netherite_pickaxe":1,"minecraft:netherite_hoe":1,"minecraft:netherite_leggings":1},"minecraft:killed":{"minecraft:squid":4,"minecraft:salmon":3}},"DataVersion":3953}