{"stats":{"minecraft:killed":{"minecraft:sheep":4,"minecraft:skeleton":1,"minecraft:zombie":1,"minecraft:chicken":1},"minecraft:crafted":{"minecraft:oak_planks":16,"minecraft:crafting_table":1,"minecraft:stick":4,"minecraft:wooden_pickaxe":1,"minecraft:wooden_axe":1,"minecraft:furnace":1,"minecraft:white_bed":1,"minecraft:bone_meal":6,"minecraft:air":0,"minecraft:cooked_mutton":6},"minecraft:custom":{"minecraft:time_since_rest":1925,"minecraft:interact_with_furnace":4,"minecraft:sprint_one_cm":13585,"minecraft:damage_taken":125,"minecraft:walk_one_cm":33904,"minecraft:mob_kills":7,"minecraft:damage_dealt":711,"minecraft:interact_with_crafting_table":5,"minecraft:swim_one_cm":1691,"minecraft:fly_one_cm":25156,"minecraft:crouch_one_cm":1389,"minecraft:play_time":10543,"minecraft:sneak_time":351,"minecraft:walk_under_water_one_cm":46,"minecraft:jump":274,"minecraft:time_since_death":10543,"minecraft:walk_on_water_one_cm":409,"minecraft:sleep_in_bed":1,"minecraft:total_world_time":10543,"minecraft:fall_one_cm":6692},"minecraft:mined":{"minecraft:powder_snow":1,"minecraft:crafting_table":1,"minecraft:short_grass":4,"minecraft:coal_ore":11,"minecraft:grass_block":4,"minecraft:oak_log":5,"minecraft:dirt":4,"minecraft:stone":17,"minecraft:oak_leaves":5},"minecraft:picked_up":{"minecraft:crafting_table":1,"minecraft:feather":2,"minecraft:chicken":1,"minecraft:oak_log":4,"minecraft:dirt":8,"minecraft:bone":2,"minecraft:oak_sapling":1,"minecraft:mutton":6,"minecraft:coal":11,"minecraft:white_wool":4,"minecraft:cobblestone":18},"minecraft:used":{"minecraft:cooked_mutton":2,"minecraft:wooden_axe":12,"minecraft:wooden_pickaxe":29,"minecraft:crafting_table":2,"minecraft:oak_sapling":1,"minecraft:furnace":1,"minecraft:white_bed":1,"minecraft:bone_meal":3}},"DataVersion":3953}