{"stats":{"minecraft:killed":{"minecraft:pig":8,"minecraft:salmon":1,"minecraft:squid":1,"minecraft:skeleton":1,"minecraft:sheep":4,"minecraft:goat":1,"minecraft:zombie":1,"minecraft:chicken":1,"minecraft:drowned":1,"minecraft:cow":2},"minecraft:dropped":{"minecraft:wheat_seeds":1,"minecraft:axolotl_bucket":1,"minecraft:spruce_sapling":2},"minecraft:crafted":{"minecraft:oak_planks":48,"minecraft:stone_shovel":1,"minecraft:cooked_porkchop":15,"minecraft:crafting_table":1,"minecraft:wooden_pickaxe":1,"minecraft:cooked_chicken":1,"minecraft:furnace":1,"minecraft:bucket":1,"minecraft:bone_meal":6,"minecraft:stone_axe":1,"minecraft:cooked_mutton":6,"minecraft:air":0,"minecraft:stick":24,"minecraft:iron_ingot":12,"minecraft:iron_pickaxe":1,"minecraft:stone_pickaxe":1,"minecraft:wooden_axe":1,"minecraft:stone_sword":1,"minecraft:white_bed":1,"minecraft:torch":48},"minecraft:custom":{"minecraft:interact_with_furnace":19,"minecraft:mob_kills":21,"minecraft:interact_with_crafting_table":15,"minecraft:leave_game":1,"minecraft:time_since_death":60731,"minecraft:sleep_in_bed":4,"minecraft:time_since_rest":12530,"minecraft:sprint_one_cm":165410,"minecraft:damage_taken":976,"minecraft:walk_one_cm":133446,"minecraft:drop":3,"minecraft:damage_dealt":2146,"minecraft:swim_one_cm":76564,"minecraft:fly_one_cm":296171,"minecraft:open_chest":4,"minecraft:crouch_one_cm":6493,"minecraft:play_time":60731,"minecraft:sneak_time":1500,"minecraft:walk_under_water_one_cm":12651,"minecraft:jump":1911,"minecraft:interact_with_blast_furnace":9,"minecraft:walk_on_water_one_cm":14492,"minecraft:total_world_time":60731,"minecraft:fall_one_cm":57828},"minecraft:mined":{"minecraft:white_bed":4,"minecraft:powder_snow":1,"minecraft:crafting_table":1,"minecraft:cave_vines_plant":1,"minecraft:short_grass":22,"minecraft:blast_furnace":2,"minecraft:grass_block":50,"minecraft:tall_grass":13,"minecraft:spruce_leaves":4,"minecraft:rooted_dirt":4,"minecraft:large_fern":3,"minecraft:hay_block":9,"minecraft:furnace":2,"minecraft:iron_ore":11,"minecraft:sweet_berry_bush":3,"minecraft:andesite":9,"minecraft:birch_leaves":1,"minecraft:pumpkin":8,"minecraft:oak_log":12,"minecraft:coal_ore":64,"minecraft:cave_vines":2,"minecraft:dirt":48,"minecraft:stone":62,"minecraft:netherrack":6,"minecraft:oak_leaves":22,"minecraft:fern":11},"minecraft:picked_up":{"minecraft:crafting_table":1,"minecraft:feather":2,"minecraft:chicken":1,"minecraft:salmon":1,"minecraft:leather":2,"minecraft:oak_log":12,"minecraft:dirt":93,"minecraft:bone":2,"minecraft:wheat_seeds":4,"minecraft:furnace":2,"minecraft:stick":1,"minecraft:raw_iron":11,"minecraft:cooked_porkchop":7,"minecraft:pumpkin":8,"minecraft:sweet_berries":37,"minecraft:axolotl_bucket":1,"minecraft:porkchop":15,"minecraft:spruce_sapling":6,"minecraft:ink_sac":1,"minecraft:blast_furnace":2,"minecraft:white_bed":4,"minecraft:rotten_flesh":2,"minecraft:hay_block":9,"minecraft:rooted_dirt":11,"minecraft:oak_sapling":4,"minecraft:netherrack":1,"minecraft:mutton":6,"minecraft:coal":64,"minecraft:white_wool":4,"minecraft:cobblestone":63},"minecraft:used":{"minecraft:cooked_mutton":6,"minecraft:stone_sword":4,"minecraft:stone_pickaxe":131,"minecraft:stone_shovel":42,"minecraft:wooden_pickaxe":31,"minecraft:cooked_chicken":1,"minecraft:torch":5,"minecraft:dirt":83,"minecraft:crafting_table":2,"minecraft:blast_furnace":1,"minecraft:white_bed":4,"minecraft:axolotl_bucket":1,"minecraft:wooden_axe":18,"minecraft:stone_axe":41,"minecraft:sweet_berries":27,"minecraft:furnace":3,"minecraft:oak_sapling":4,"minecraft:cooked_porkchop":5,"minecraft:bucket":2,"minecraft:bone_meal":3}},"DataVersion":3953}