{"stats":{"minecraft:killed":{"minecraft:sheep":4,"minecraft:skeleton":1,"minecraft:goat":1,"minecraft:pig":2,"minecraft:zombie":1,"minecraft:chicken":1,"minecraft:salmon":1},"minecraft:crafted":{"minecraft:oak_planks":40,"minecraft:stone_shovel":1,"minecraft:crafting_table":1,"minecraft:stick":12,"minecraft:cooked_chicken":1,"minecraft:wooden_pickaxe":1,"minecraft:stone_pickaxe":1,"minecraft:wooden_axe":1,"minecraft:stone_sword":1,"minecraft:furnace":1,"minecraft:white_bed":1,"minecraft:bone_meal":6,"minecraft:torch":8,"minecraft:stone_axe":1,"minecraft:air":0,"minecraft:cooked_mutton":6},"minecraft:custom":{"minecraft:time_since_rest":565,"minecraft:interact_with_furnace":6,"minecraft:sprint_one_cm":27066,"minecraft:damage_taken":245,"minecraft:walk_one_cm":67049,"minecraft:mob_kills":11,"minecraft:damage_dealt":1041,"minecraft:interact_with_crafting_table":8,"minecraft:swim_one_cm":15607,"minecraft:fly_one_cm":51263,"minecraft:open_chest":2,"minecraft:crouch_one_cm":6146,"minecraft:play_time":22543,"minecraft:sneak_time":1200,"minecraft:walk_under_water_one_cm":8229,"minecraft:jump":505,"minecraft:time_since_death":22543,"minecraft:walk_on_water_one_cm":3206,"minecraft:sleep_in_bed":2,"minecraft:total_world_time":22543,"minecraft:fall_one_cm":10736},"minecraft:mined":{"minecraft:hay_block":9,"minecraft:white_bed":2,"minecraft:furnace":1,"minecraft:powder_snow":1,"minecraft:crafting_table":1,"minecraft:short_grass":12,"minecraft:blast_furnace":1,"minecraft:coal_ore":19,"minecraft:grass_block":50,"minecraft:oak_log":10,"minecraft:dirt":48,"minecraft:tall_grass":2,"minecraft:stone":19,"minecraft:netherrack":6,"minecraft:oak_leaves":15},"minecraft:used":{"minecraft:cooked_mutton":4,"minecraft:wooden_axe":18,"minecraft:stone_shovel":39,"minecraft:stone_pickaxe":18,"minecraft:wooden_pickaxe":31,"minecraft:stone_axe":17,"minecraft:dirt":58,"minecraft:crafting_table":2,"minecraft:oak_sapling":4,"minecraft:furnace":1,"minecraft:white_bed":2,"minecraft:bone_meal":3},"minecraft:picked_up":{"minecraft:stick":1,"minecraft:crafting_table":1,"minecraft:feather":2,"minecraft:chicken":1,"minecraft:cooked_porkchop":7,"minecraft:salmon":1,"minecraft:porkchop":4,"minecraft:oak_log":10,"minecraft:blast_furnace":1,"minecraft:white_bed":2,"minecraft:dirt":93,"minecraft:bone":2,"minecraft:wheat_seeds":3,"minecraft:hay_block":9,"minecraft:netherrack":1,"minecraft:oak_sapling":4,"minecraft:mutton":6,"minecraft:coal":20,"minecraft:white_wool":4,"minecraft:cobblestone":20,"minecraft:furnace":1}},"DataVersion":3953}