{"stats":{"minecraft:used":{"minecraft:netherite_sword":43,"minecraft:trident":2,"minecraft:netherite_shovel":14,"minecraft:netherite_chestplate":1,"minecraft:baked_potato":7,"minecraft:netherite_boots":1,"minecraft:dirt":3,"minecraft:anvil":1,"minecraft:bow":39,"minecraft:netherite_leggings":1,"minecraft:netherite_pickaxe":1,"minecraft:netherite_helmet":1,"minecraft:enchanted_golden_apple":2,"minecraft:experience_bottle":64},"minecraft:mined":{"minecraft:snow_block":1,"minecraft:birch_leaves":1,"minecraft:powder_snow":73,"minecraft:short_grass":1,"minecraft:grass_block":2,"minecraft:dirt":7,"minecraft:chipped_anvil":1},"minecraft:custom":{"minecraft:time_since_rest":35284,"minecraft:damage_absorbed":18,"minecraft:sprint_one_cm":83299,"minecraft:damage_taken":616,"minecraft:walk_one_cm":55534,"minecraft:interact_with_anvil":3,"minecraft:mob_kills":26,"minecraft:damage_dealt":1716,"minecraft:swim_one_cm":8577,"minecraft:fly_one_cm":92189,"minecraft:open_chest":6,"minecraft:play_time":36193,"minecraft:deaths":1,"minecraft:sneak_time":12,"minecraft:walk_under_water_one_cm":721,"minecraft:jump":503,"minecraft:leave_game":1,"minecraft:walk_on_water_one_cm":1622,"minecraft:time_since_death":35236,"minecraft:total_world_time":36193,"minecraft:damage_resisted":34,"minecraft:fall_one_cm":17241},"minecraft:picked_up":{"minecraft:birch_log":2,"minecraft:enchanting_table":1,"minecraft:netherite_boots":1,"minecraft:purple_dye":1,"minecraft:anvil":3,"minecraft:porkchop":5,"minecraft:enchanted_book":7,"minecraft:netherite_shovel":1,"minecraft:oak_log":1,"minecraft:mace":1,"minecraft:trident":1,"minecraft:netherite_pickaxe":1,"minecraft:netherite_leggings":1,"minecraft:string":2,"minecraft:dirt":7,"minecraft:elytra":1,"minecraft:arrow":2,"minecraft:leather_boots":1,"minecraft:firework_rocket":64,"minecraft:bone":65,"minecraft:experience_bottle":192,"minecraft:chipped_anvil":1,"minecraft:rotten_flesh":12,"minecraft:bow":1,"minecraft:netherite_helmet":1,"minecraft:wheat_seeds":7,"minecraft:netherite_sword":1,"minecraft:netherite_axe":1,"minecraft:bookshelf":64,"minecraft:oak_sapling":4,"minecraft:totem_of_undying":4,"minecraft:baked_potato":192,"minecraft:enchanted_golden_apple":68,"minecraft:netherite_chestplate":1,"minecraft:melon_seeds":1,"minecraft:snowball":4},"minecraft:killed":{"minecraft:skeleton":3,"minecraft:zombie":9,"minecraft:pig":3,"minecraft:spider":3,"minecraft:creeper":3}},"DataVersion":3953}